bin,n,mean_pred,mean_obs
"(-0.001, 0.211]",3511,0.07861008259755055,0.24921674736542296
"(0.211, 0.24]",2234,0.2390331244404656,0.23903312444046554
"(0.24, 0.25]",647,0.25038639876352403,0.250386398763524
"(0.25, 0.251]",757,0.2509907529722589,0.2509907529722589
"(0.251, 0.257]",1239,0.2550443906376109,0.255044390637611
"(0.257, 0.8]",292,0.3356164383561644,0.3356164383561644
