bin,n,mean_pred,mean_obs
"(-0.001, 0.458]",2610,0.0743295019157088,0.4992337164750958
"(0.458, 0.459]",1627,0.45912722802704364,0.45912722802704364
"(0.459, 0.48]",394,0.4796954314720812,0.4796954314720812
"(0.48, 0.482]",759,0.48221343873517786,0.48221343873517786
"(0.482, 0.492]",1695,0.4920353982300884,0.4920353982300885
"(0.492, 0.504]",738,0.5,0.5
"(0.504, 1.0]",857,0.5414235705950992,0.5414235705950992
