bin,n,mean_pred,mean_obs
"(-0.0001, 0.1156]",23550,0.01796178343949045,0.2569426751592357
"(0.1156, 0.2151]",14193,0.20052138378073697,0.20052138378073697
"(0.2151, 0.2225]",7501,0.22250366617784295,0.22250366617784295
"(0.2225, 0.2227]",13140,0.22267884322678844,0.22267884322678844
"(0.2227, 0.2351]",8367,0.23258037528385322,0.23258037528385322
"(0.2351, 0.2592]",5272,0.25398330804248864,0.25398330804248864
"(0.2592, 1.0]",4857,0.3283920115297509,0.3283920115297509
